name	decoder	B	n	support	J	mode	mapping	initialization	seed	search_candidates
B14_n256_T32_coordinate_J4_balanced_d0_fixed_seed2801	d0	14	256	32	4	fixed	coordinate	balanced	2801	128
B14_n256_T32_coordinate_J4_balanced_d0_learned_seed2801	d0	14	256	32	4	learned	coordinate	balanced	2801	128
B14_n256_T32_coordinate_J8_balanced_d0_fixed_seed2801	d0	14	256	32	8	fixed	coordinate	balanced	2801	128
B14_n256_T32_coordinate_J8_balanced_d0_learned_seed2801	d0	14	256	32	8	learned	coordinate	balanced	2801	128
B14_n256_T32_coordinate_J10_balanced_d0_fixed_seed2801	d0	14	256	32	10	fixed	coordinate	balanced	2801	128
B14_n256_T32_coordinate_J10_balanced_d0_learned_seed2801	d0	14	256	32	10	learned	coordinate	balanced	2801	128
B14_n256_T32_coordinate_J4_raw_d0_fixed_seed2801	d0	14	256	32	4	fixed	coordinate	raw	2801	128
B14_n256_T32_coordinate_J4_raw_d0_learned_seed2801	d0	14	256	32	4	learned	coordinate	raw	2801	128
B14_n256_T32_shared_J4_raw_d0_fixed_seed2801	d0	14	256	32	4	fixed	shared	raw	2801	128
B14_n256_T32_shared_J4_balanced_d0_fixed_seed2801	d0	14	256	32	4	fixed	shared	balanced	2801	128
B14_n256_T32_coordinate_J14_raw_d0_fixed_seed2801	d0	14	256	32	14	fixed	coordinate	raw	2801	128
B14_n256_T32_coordinate_J14_raw_d0_learned_seed2801	d0	14	256	32	14	learned	coordinate	raw	2801	128
B14_n256_T32_coordinate_J4_balanced_d1_fixed_seed2801	d1	14	256	32	4	fixed	coordinate	balanced	2801	128
B14_n256_T32_coordinate_J4_balanced_d1_learned_seed2801	d1	14	256	32	4	learned	coordinate	balanced	2801	128
B14_n256_T32_coordinate_J8_balanced_d1_fixed_seed2801	d1	14	256	32	8	fixed	coordinate	balanced	2801	128
B14_n256_T32_coordinate_J8_balanced_d1_learned_seed2801	d1	14	256	32	8	learned	coordinate	balanced	2801	128
B14_n256_T32_coordinate_J10_balanced_d1_fixed_seed2801	d1	14	256	32	10	fixed	coordinate	balanced	2801	128
B14_n256_T32_coordinate_J10_balanced_d1_learned_seed2801	d1	14	256	32	10	learned	coordinate	balanced	2801	128
B14_n256_T32_coordinate_J4_raw_d1_fixed_seed2801	d1	14	256	32	4	fixed	coordinate	raw	2801	128
B14_n256_T32_coordinate_J4_raw_d1_learned_seed2801	d1	14	256	32	4	learned	coordinate	raw	2801	128
B14_n256_T32_shared_J4_raw_d1_fixed_seed2801	d1	14	256	32	4	fixed	shared	raw	2801	128
B14_n256_T32_shared_J4_balanced_d1_fixed_seed2801	d1	14	256	32	4	fixed	shared	balanced	2801	128
B14_n256_T32_coordinate_J14_raw_d1_fixed_seed2801	d1	14	256	32	14	fixed	coordinate	raw	2801	128
B14_n256_T32_coordinate_J14_raw_d1_learned_seed2801	d1	14	256	32	14	learned	coordinate	raw	2801	128
B14_n256_T32_coordinate_J4_balanced_d0_fixed_seed2802	d0	14	256	32	4	fixed	coordinate	balanced	2802	128
B14_n256_T32_coordinate_J4_balanced_d0_learned_seed2802	d0	14	256	32	4	learned	coordinate	balanced	2802	128
B14_n256_T32_coordinate_J8_balanced_d0_fixed_seed2802	d0	14	256	32	8	fixed	coordinate	balanced	2802	128
B14_n256_T32_coordinate_J8_balanced_d0_learned_seed2802	d0	14	256	32	8	learned	coordinate	balanced	2802	128
B14_n256_T32_coordinate_J10_balanced_d0_fixed_seed2802	d0	14	256	32	10	fixed	coordinate	balanced	2802	128
B14_n256_T32_coordinate_J10_balanced_d0_learned_seed2802	d0	14	256	32	10	learned	coordinate	balanced	2802	128
B14_n256_T32_coordinate_J4_raw_d0_fixed_seed2802	d0	14	256	32	4	fixed	coordinate	raw	2802	128
B14_n256_T32_coordinate_J4_raw_d0_learned_seed2802	d0	14	256	32	4	learned	coordinate	raw	2802	128
B14_n256_T32_shared_J4_raw_d0_fixed_seed2802	d0	14	256	32	4	fixed	shared	raw	2802	128
B14_n256_T32_shared_J4_balanced_d0_fixed_seed2802	d0	14	256	32	4	fixed	shared	balanced	2802	128
B14_n256_T32_coordinate_J14_raw_d0_fixed_seed2802	d0	14	256	32	14	fixed	coordinate	raw	2802	128
B14_n256_T32_coordinate_J14_raw_d0_learned_seed2802	d0	14	256	32	14	learned	coordinate	raw	2802	128
B14_n256_T32_coordinate_J4_balanced_d1_fixed_seed2802	d1	14	256	32	4	fixed	coordinate	balanced	2802	128
B14_n256_T32_coordinate_J4_balanced_d1_learned_seed2802	d1	14	256	32	4	learned	coordinate	balanced	2802	128
B14_n256_T32_coordinate_J8_balanced_d1_fixed_seed2802	d1	14	256	32	8	fixed	coordinate	balanced	2802	128
B14_n256_T32_coordinate_J8_balanced_d1_learned_seed2802	d1	14	256	32	8	learned	coordinate	balanced	2802	128
B14_n256_T32_coordinate_J10_balanced_d1_fixed_seed2802	d1	14	256	32	10	fixed	coordinate	balanced	2802	128
B14_n256_T32_coordinate_J10_balanced_d1_learned_seed2802	d1	14	256	32	10	learned	coordinate	balanced	2802	128
B14_n256_T32_coordinate_J4_raw_d1_fixed_seed2802	d1	14	256	32	4	fixed	coordinate	raw	2802	128
B14_n256_T32_coordinate_J4_raw_d1_learned_seed2802	d1	14	256	32	4	learned	coordinate	raw	2802	128
B14_n256_T32_shared_J4_raw_d1_fixed_seed2802	d1	14	256	32	4	fixed	shared	raw	2802	128
B14_n256_T32_shared_J4_balanced_d1_fixed_seed2802	d1	14	256	32	4	fixed	shared	balanced	2802	128
B14_n256_T32_coordinate_J14_raw_d1_fixed_seed2802	d1	14	256	32	14	fixed	coordinate	raw	2802	128
B14_n256_T32_coordinate_J14_raw_d1_learned_seed2802	d1	14	256	32	14	learned	coordinate	raw	2802	128
B14_n256_T32_coordinate_J4_balanced_d0_fixed_seed2803	d0	14	256	32	4	fixed	coordinate	balanced	2803	128
B14_n256_T32_coordinate_J4_balanced_d0_learned_seed2803	d0	14	256	32	4	learned	coordinate	balanced	2803	128
B14_n256_T32_coordinate_J8_balanced_d0_fixed_seed2803	d0	14	256	32	8	fixed	coordinate	balanced	2803	128
B14_n256_T32_coordinate_J8_balanced_d0_learned_seed2803	d0	14	256	32	8	learned	coordinate	balanced	2803	128
B14_n256_T32_coordinate_J10_balanced_d0_fixed_seed2803	d0	14	256	32	10	fixed	coordinate	balanced	2803	128
B14_n256_T32_coordinate_J10_balanced_d0_learned_seed2803	d0	14	256	32	10	learned	coordinate	balanced	2803	128
B14_n256_T32_coordinate_J4_raw_d0_fixed_seed2803	d0	14	256	32	4	fixed	coordinate	raw	2803	128
B14_n256_T32_coordinate_J4_raw_d0_learned_seed2803	d0	14	256	32	4	learned	coordinate	raw	2803	128
B14_n256_T32_shared_J4_raw_d0_fixed_seed2803	d0	14	256	32	4	fixed	shared	raw	2803	128
B14_n256_T32_shared_J4_balanced_d0_fixed_seed2803	d0	14	256	32	4	fixed	shared	balanced	2803	128
B14_n256_T32_coordinate_J14_raw_d0_fixed_seed2803	d0	14	256	32	14	fixed	coordinate	raw	2803	128
B14_n256_T32_coordinate_J14_raw_d0_learned_seed2803	d0	14	256	32	14	learned	coordinate	raw	2803	128
B14_n256_T32_coordinate_J4_balanced_d1_fixed_seed2803	d1	14	256	32	4	fixed	coordinate	balanced	2803	128
B14_n256_T32_coordinate_J4_balanced_d1_learned_seed2803	d1	14	256	32	4	learned	coordinate	balanced	2803	128
B14_n256_T32_coordinate_J8_balanced_d1_fixed_seed2803	d1	14	256	32	8	fixed	coordinate	balanced	2803	128
B14_n256_T32_coordinate_J8_balanced_d1_learned_seed2803	d1	14	256	32	8	learned	coordinate	balanced	2803	128
B14_n256_T32_coordinate_J10_balanced_d1_fixed_seed2803	d1	14	256	32	10	fixed	coordinate	balanced	2803	128
B14_n256_T32_coordinate_J10_balanced_d1_learned_seed2803	d1	14	256	32	10	learned	coordinate	balanced	2803	128
B14_n256_T32_coordinate_J4_raw_d1_fixed_seed2803	d1	14	256	32	4	fixed	coordinate	raw	2803	128
B14_n256_T32_coordinate_J4_raw_d1_learned_seed2803	d1	14	256	32	4	learned	coordinate	raw	2803	128
B14_n256_T32_shared_J4_raw_d1_fixed_seed2803	d1	14	256	32	4	fixed	shared	raw	2803	128
B14_n256_T32_shared_J4_balanced_d1_fixed_seed2803	d1	14	256	32	4	fixed	shared	balanced	2803	128
B14_n256_T32_coordinate_J14_raw_d1_fixed_seed2803	d1	14	256	32	14	fixed	coordinate	raw	2803	128
B14_n256_T32_coordinate_J14_raw_d1_learned_seed2803	d1	14	256	32	14	learned	coordinate	raw	2803	128
