name	decoder	B	n	support	J	mode	amplitude_init	seed	search_candidates
B14_n256_hash_T32_J0_d0_fixed_seed2801	d0	14	256	32	0	fixed	gaussian	2801	128
B14_n256_hash_T32_J0_d0_learned_seed2801	d0	14	256	32	0	learned	gaussian	2801	128
B14_n256_hash_T32_J2_d0_fixed_seed2801	d0	14	256	32	2	fixed	gaussian	2801	128
B14_n256_hash_T32_J2_d0_learned_seed2801	d0	14	256	32	2	learned	gaussian	2801	128
B14_n256_hash_T32_J4_d0_fixed_seed2801	d0	14	256	32	4	fixed	gaussian	2801	128
B14_n256_hash_T32_J4_d0_learned_seed2801	d0	14	256	32	4	learned	gaussian	2801	128
B14_n256_hash_T32_J8_d0_fixed_seed2801	d0	14	256	32	8	fixed	gaussian	2801	128
B14_n256_hash_T32_J8_d0_learned_seed2801	d0	14	256	32	8	learned	gaussian	2801	128
B14_n256_hash_T32_J14_d0_fixed_seed2801	d0	14	256	32	14	fixed	gaussian	2801	128
B14_n256_hash_T32_J14_d0_learned_seed2801	d0	14	256	32	14	learned	gaussian	2801	128
B14_n256_hash_T32_equal_d0_fixed_seed2801	d0	14	256	32	0	fixed	equal	2801	128
B14_n256_hash_T32_rademacher_d0_fixed_seed2801	d0	14	256	32	14	fixed	rademacher	2801	128
B14_n256_hash_T32_J0_d1_fixed_seed2801	d1	14	256	32	0	fixed	gaussian	2801	128
B14_n256_hash_T32_J0_d1_learned_seed2801	d1	14	256	32	0	learned	gaussian	2801	128
B14_n256_hash_T32_J2_d1_fixed_seed2801	d1	14	256	32	2	fixed	gaussian	2801	128
B14_n256_hash_T32_J2_d1_learned_seed2801	d1	14	256	32	2	learned	gaussian	2801	128
B14_n256_hash_T32_J4_d1_fixed_seed2801	d1	14	256	32	4	fixed	gaussian	2801	128
B14_n256_hash_T32_J4_d1_learned_seed2801	d1	14	256	32	4	learned	gaussian	2801	128
B14_n256_hash_T32_J8_d1_fixed_seed2801	d1	14	256	32	8	fixed	gaussian	2801	128
B14_n256_hash_T32_J8_d1_learned_seed2801	d1	14	256	32	8	learned	gaussian	2801	128
B14_n256_hash_T32_J14_d1_fixed_seed2801	d1	14	256	32	14	fixed	gaussian	2801	128
B14_n256_hash_T32_J14_d1_learned_seed2801	d1	14	256	32	14	learned	gaussian	2801	128
B14_n256_hash_T32_equal_d1_fixed_seed2801	d1	14	256	32	0	fixed	equal	2801	128
B14_n256_hash_T32_rademacher_d1_fixed_seed2801	d1	14	256	32	14	fixed	rademacher	2801	128
B14_n256_hash_T32_J0_d0_fixed_seed2802	d0	14	256	32	0	fixed	gaussian	2802	128
B14_n256_hash_T32_J0_d0_learned_seed2802	d0	14	256	32	0	learned	gaussian	2802	128
B14_n256_hash_T32_J2_d0_fixed_seed2802	d0	14	256	32	2	fixed	gaussian	2802	128
B14_n256_hash_T32_J2_d0_learned_seed2802	d0	14	256	32	2	learned	gaussian	2802	128
B14_n256_hash_T32_J4_d0_fixed_seed2802	d0	14	256	32	4	fixed	gaussian	2802	128
B14_n256_hash_T32_J4_d0_learned_seed2802	d0	14	256	32	4	learned	gaussian	2802	128
B14_n256_hash_T32_J8_d0_fixed_seed2802	d0	14	256	32	8	fixed	gaussian	2802	128
B14_n256_hash_T32_J8_d0_learned_seed2802	d0	14	256	32	8	learned	gaussian	2802	128
B14_n256_hash_T32_J14_d0_fixed_seed2802	d0	14	256	32	14	fixed	gaussian	2802	128
B14_n256_hash_T32_J14_d0_learned_seed2802	d0	14	256	32	14	learned	gaussian	2802	128
B14_n256_hash_T32_equal_d0_fixed_seed2802	d0	14	256	32	0	fixed	equal	2802	128
B14_n256_hash_T32_rademacher_d0_fixed_seed2802	d0	14	256	32	14	fixed	rademacher	2802	128
B14_n256_hash_T32_J0_d1_fixed_seed2802	d1	14	256	32	0	fixed	gaussian	2802	128
B14_n256_hash_T32_J0_d1_learned_seed2802	d1	14	256	32	0	learned	gaussian	2802	128
B14_n256_hash_T32_J2_d1_fixed_seed2802	d1	14	256	32	2	fixed	gaussian	2802	128
B14_n256_hash_T32_J2_d1_learned_seed2802	d1	14	256	32	2	learned	gaussian	2802	128
B14_n256_hash_T32_J4_d1_fixed_seed2802	d1	14	256	32	4	fixed	gaussian	2802	128
B14_n256_hash_T32_J4_d1_learned_seed2802	d1	14	256	32	4	learned	gaussian	2802	128
B14_n256_hash_T32_J8_d1_fixed_seed2802	d1	14	256	32	8	fixed	gaussian	2802	128
B14_n256_hash_T32_J8_d1_learned_seed2802	d1	14	256	32	8	learned	gaussian	2802	128
B14_n256_hash_T32_J14_d1_fixed_seed2802	d1	14	256	32	14	fixed	gaussian	2802	128
B14_n256_hash_T32_J14_d1_learned_seed2802	d1	14	256	32	14	learned	gaussian	2802	128
B14_n256_hash_T32_equal_d1_fixed_seed2802	d1	14	256	32	0	fixed	equal	2802	128
B14_n256_hash_T32_rademacher_d1_fixed_seed2802	d1	14	256	32	14	fixed	rademacher	2802	128
B14_n256_hash_T32_J10_d0_fixed_seed2801	d0	14	256	32	10	fixed	gaussian	2801	128
B14_n256_hash_T32_J10_d0_learned_seed2801	d0	14	256	32	10	learned	gaussian	2801	128
B14_n256_hash_T32_J12_d0_fixed_seed2801	d0	14	256	32	12	fixed	gaussian	2801	128
B14_n256_hash_T32_J12_d0_learned_seed2801	d0	14	256	32	12	learned	gaussian	2801	128
B14_n256_hash_T32_J10_d1_fixed_seed2801	d1	14	256	32	10	fixed	gaussian	2801	128
B14_n256_hash_T32_J10_d1_learned_seed2801	d1	14	256	32	10	learned	gaussian	2801	128
B14_n256_hash_T32_J12_d1_fixed_seed2801	d1	14	256	32	12	fixed	gaussian	2801	128
B14_n256_hash_T32_J12_d1_learned_seed2801	d1	14	256	32	12	learned	gaussian	2801	128
B14_n256_hash_T32_J10_d0_fixed_seed2802	d0	14	256	32	10	fixed	gaussian	2802	128
B14_n256_hash_T32_J10_d0_learned_seed2802	d0	14	256	32	10	learned	gaussian	2802	128
B14_n256_hash_T32_J12_d0_fixed_seed2802	d0	14	256	32	12	fixed	gaussian	2802	128
B14_n256_hash_T32_J12_d0_learned_seed2802	d0	14	256	32	12	learned	gaussian	2802	128
B14_n256_hash_T32_J10_d1_fixed_seed2802	d1	14	256	32	10	fixed	gaussian	2802	128
B14_n256_hash_T32_J10_d1_learned_seed2802	d1	14	256	32	10	learned	gaussian	2802	128
B14_n256_hash_T32_J12_d1_fixed_seed2802	d1	14	256	32	12	fixed	gaussian	2802	128
B14_n256_hash_T32_J12_d1_learned_seed2802	d1	14	256	32	12	learned	gaussian	2802	128
